snapshot_date,state,sport,rank,team,record,rating,strength,movement
2026-10-04,UT,girls-soccer,1,Bountiful,11-3-0,17.07,8.7,
2026-10-04,UT,girls-soccer,2,Olympus,11-3-0,16.84,8.5,
2026-10-04,UT,girls-soccer,3,Maple Mountain,11-4-0,15.74,9.4,
2026-10-04,UT,girls-soccer,4,Brighton,11-4-0,14.58,7.4,
2026-10-04,UT,girls-soccer,5,Box Elder,15-1-0,12.86,-1.7,
2026-10-04,UT,girls-soccer,6,Pleasant Grove,11-5-0,11.41,6.2,
2026-10-04,UT,girls-soccer,7,Timpview,10-5-0,11.15,6.0,
2026-10-04,UT,girls-soccer,8,Bonneville,14-3-0,10.36,0.0,
2026-10-04,UT,girls-soccer,9,Salem Hills,10-6-0,7.83,4.2,
2026-10-04,UT,girls-soccer,10,Viewmont,9-7-0,7.74,6.3,
2026-10-04,UT,girls-soccer,11,Springville,7-8-0,6.23,8.2,
2026-10-04,UT,girls-soccer,12,West Field,10-7-0,5.42,2.4,
2026-10-04,UT,girls-soccer,13,Spanish Fork,7-9-0,5.36,8.3,
2026-10-04,UT,girls-soccer,14,Alta,5-10-0,3.54,10.5,
2026-10-04,UT,girls-soccer,15,Skyline,5-9-0,3.42,9.6,
2026-10-04,UT,girls-soccer,16,Woods Cross,4-9-0,1.41,8.5,
2026-10-04,UT,girls-soccer,17,Hillcrest,12-5-0,-1.47,-10.6,
2026-10-04,UT,girls-soccer,18,Kearns,12-5-0,-2.74,-11.5,
2026-10-04,UT,girls-soccer,19,Clearfield,5-11-0,-4.02,2.6,
2026-10-04,UT,girls-soccer,20,Fremont,4-12-0,-5.35,3.4,
2026-10-04,UT,girls-soccer,21,Cyprus,10-6-0,-5.88,-11.0,
2026-10-04,UT,girls-soccer,22,Payson,4-12-0,-5.89,2.8,
2026-10-04,UT,girls-soccer,23,Northridge,3-14-0,-6.08,4.1,
2026-10-04,UT,girls-soccer,24,Granger,7-9-0,-12.45,-11.3,
2026-10-04,UT,girls-soccer,25,West,7-10-0,-14.01,-12.2,
2026-10-04,UT,girls-soccer,26,Roy,2-15-0,-14.87,-1.4,
2026-10-04,UT,girls-soccer,27,Taylorsville,5-12-0,-15.22,-9.4,
2026-10-04,UT,girls-soccer,28,West Jordan,3-11-0,-19.96,-10.9,
2026-10-04,UT,girls-soccer,29,Hunter,0-15-0,-25.32,-10.2,
