game_date,opponent_name,stat_scope,game_type,is_home,period,game_clock_seconds,player_name,position,result,is_shot,is_pk,is_on_frame,is_goal,x,y,shot_lane,shot_range,in_box,goal_dist_yd,goal_angle_deg,assist_type,second_assist_type,shot_id,game_id
2026-08-17,Morgan,preseason,preseason,false,1,null,Jackie,null,missed,true,false,false,false,0,0,LW,0-9,false,37.2,0.0,null,null,08d50fc4-b1ae-4b9b-9418-96df6286da48,45bcd490-13a1-4621-896b-bf405c723900
2026-08-17,Morgan,preseason,preseason,false,1,null,Kailee,null,goal,true,false,true,true,39.3,12.1,C,9-18,true,14.4,28.8,null,null,109498a4-09b4-4c0d-af68-1a132a3da839,45bcd490-13a1-4621-896b-bf405c723900
2026-08-17,Morgan,preseason,preseason,false,1,null,Savanna,null,goal,true,false,true,true,36.2,8.1,C,0-9,true,9.2,46.1,pass,null,1599405a-7cd7-4b1e-b49e-8415bb844f1e,45bcd490-13a1-4621-896b-bf405c723900
2026-08-17,Morgan,preseason,preseason,false,1,null,Ari,null,missed,true,false,false,false,39.7,4.7,C,0-9,true,8.1,39.9,null,null,1c909991-481b-4c5a-9264-2e70126fb3b5,45bcd490-13a1-4621-896b-bf405c723900
2026-08-17,Morgan,preseason,preseason,false,1,null,Sharky,null,goal,true,false,true,true,30.9,2.3,C,0-9,true,4.2,84.9,null,null,1e1590d9-ec97-4051-b91c-0e8aaa69b273,45bcd490-13a1-4621-896b-bf405c723900
2026-08-17,Morgan,preseason,preseason,false,1,null,Maddie,null,missed,true,false,false,false,54.6,21.9,RW,18-27,false,32.9,10.2,null,null,3da4d52d-5c17-4d86-93c0-4a079339b90a,45bcd490-13a1-4621-896b-bf405c723900
2026-08-17,Morgan,preseason,preseason,false,1,null,Addison,null,missed,true,false,false,false,48.5,10.2,RHS,9-18,true,19.4,13.9,null,null,401ef2fd-5bfa-4560-8540-32d8b85804f6,45bcd490-13a1-4621-896b-bf405c723900
2026-08-17,Morgan,preseason,preseason,false,1,null,Shai,null,missed,true,false,false,false,12.4,31.9,LW,27+,false,42.1,9.0,null,null,56786b9f-c9bb-4bd7-aa12-5141f3ce4387,45bcd490-13a1-4621-896b-bf405c723900
2026-08-17,Morgan,preseason,preseason,false,1,null,Ari,null,on-target,true,false,true,false,33.6,8.3,C,9-18,true,9.1,47.5,null,null,7118c9ce-646d-46ce-a7a5-44a16e68ca9d,45bcd490-13a1-4621-896b-bf405c723900
2026-08-17,Morgan,preseason,preseason,false,1,null,Addison,null,blocked,true,false,false,false,48.4,13.7,RHS,9-18,true,21.7,14.7,null,null,8912fea5-0b61-4301-b516-a5a92ff3402e,45bcd490-13a1-4621-896b-bf405c723900
2026-08-17,Morgan,preseason,preseason,false,1,null,Sharky,null,missed,true,false,false,false,21.2,19.3,LHS,18-27,false,25.3,15.1,null,null,8df3fd7e-58d0-48f9-bf87-ae43a46732ce,45bcd490-13a1-4621-896b-bf405c723900
2026-08-17,Morgan,preseason,preseason,false,1,null,Addison,null,goal,true,false,true,true,48.5,22,RHS,18-27,false,28.8,13.3,null,null,aab86845-4e89-48ca-b045-ede4731cf58e,45bcd490-13a1-4621-896b-bf405c723900
2026-08-17,Morgan,preseason,preseason,false,1,null,Abby,null,missed,true,false,false,false,27.6,6.3,C,0-9,true,9.8,34.4,null,null,b2e86b5c-0edb-4fd4-83c2-2137febba832,45bcd490-13a1-4621-896b-bf405c723900
2026-08-17,Morgan,preseason,preseason,false,1,null,Ari,null,missed,true,false,false,false,42.7,21.3,C,18-27,false,25.2,16.8,null,null,b2f7aa4e-e44f-46bd-bc19-b9c2819b4379,45bcd490-13a1-4621-896b-bf405c723900
2026-08-17,Morgan,preseason,preseason,false,1,null,Stella,null,goal,true,false,true,true,40.2,3,C,0-9,true,7.5,32.8,pass,null,c4928e27-84f3-4ed8-9cab-f2433beef2a9,45bcd490-13a1-4621-896b-bf405c723900
2026-08-17,Morgan,preseason,preseason,false,1,null,Kate,null,missed,true,false,false,false,7,11.2,LW,9-18,false,32.0,5.6,null,null,e6565a81-02bd-49cf-9cd7-f5020c386a1c,45bcd490-13a1-4621-896b-bf405c723900
2026-08-17,Morgan,preseason,preseason,false,1,null,Abby,null,missed,true,false,false,false,45,11.2,RHS,9-18,true,17.2,19.4,null,null,fdbb1940-8f1c-4a58-940a-2094749b9b6a,45bcd490-13a1-4621-896b-bf405c723900
2026-08-17,Morgan,preseason,preseason,false,2,null,Kate,null,goal,true,false,true,true,50.8,9.7,RHS,9-18,true,21.2,11.1,null,null,0b1343ec-84db-4350-93e7-a9d674da5893,45bcd490-13a1-4621-896b-bf405c723900
2026-08-17,Morgan,preseason,preseason,false,2,null,Ari,null,on-target,true,false,true,false,35.6,10.6,C,9-18,true,11.7,37.4,null,null,0b9dc2ec-be1a-4f98-a61c-e03f10b39be7,45bcd490-13a1-4621-896b-bf405c723900
2026-08-17,Morgan,preseason,preseason,false,2,null,Addison,null,missed,true,false,false,false,57,24.6,RW,18-27,false,36.8,9.1,null,null,38051576-7462-429b-a6de-10a1362eb9fc,45bcd490-13a1-4621-896b-bf405c723900
2026-08-17,Morgan,preseason,preseason,false,2,null,Jackie,null,missed,true,false,false,false,33.5,14.3,C,9-18,true,15.6,28.7,null,null,4c829697-feb0-4000-b15f-dd9cf369c822,45bcd490-13a1-4621-896b-bf405c723900
2026-08-17,Morgan,preseason,preseason,false,2,null,Addison,null,missed,true,false,false,false,9.1,20.3,LW,18-27,false,35.1,8.3,null,null,942d5f6c-71d3-4444-969a-53048f168961,45bcd490-13a1-4621-896b-bf405c723900
2026-08-17,Morgan,preseason,preseason,false,2,null,Grace,null,missed,true,false,false,false,59,15.9,RW,9-18,false,32.4,7.7,null,null,977253fd-9262-43ca-b114-15d97153f05e,45bcd490-13a1-4621-896b-bf405c723900
2026-08-17,Morgan,preseason,preseason,false,2,null,Jackie,null,missed,true,false,false,false,17.3,22.2,LHS,18-27,false,30.4,12.1,null,null,a2dddbf4-46e3-446c-97c8-650cba4f9cb2,45bcd490-13a1-4621-896b-bf405c723900
2026-08-17,Morgan,preseason,preseason,false,2,null,Ari,null,missed,true,false,false,false,42.6,13.5,C,9-18,true,17.5,22.1,null,null,a6dcb7d7-c67d-481c-bc97-7012676959c1,45bcd490-13a1-4621-896b-bf405c723900
2026-08-17,Morgan,preseason,preseason,false,2,null,Kate,null,missed,true,false,false,false,31,8.8,C,9-18,true,10.2,41.4,null,null,b5f8445a-4bd4-43cd-a54a-49117064492d,45bcd490-13a1-4621-896b-bf405c723900
2026-08-17,Morgan,preseason,preseason,false,2,null,Ari,null,missed,true,false,false,false,26,11.9,C,9-18,true,15.7,24.4,null,null,c8719213-1339-4376-92e3-4cbdb46d6e26,45bcd490-13a1-4621-896b-bf405c723900
2026-08-20,Olympus,official,region,false,1,null,Georgia,null,missed,true,false,false,false,52.7,24.5,RHS,18-27,false,33.7,10.8,null,null,5465eab1-3fc9-4d79-8546-f92e2e0a660d,b689a033-333f-45ab-b501-3371643f4b59
2026-08-20,Olympus,official,region,false,1,null,Addison,null,missed,true,false,false,false,49,26.3,RHS,27+,false,33.1,12.0,null,null,6f629ef7-16ea-4f67-8767-233e3920fbf8,b689a033-333f-45ab-b501-3371643f4b59
2026-08-20,Olympus,official,region,false,1,null,Ari,null,missed,true,false,false,false,18.7,21.3,LHS,18-27,false,28.7,13.0,null,null,c0bede05-e161-4b9b-acbb-a7dc82411efa,b689a033-333f-45ab-b501-3371643f4b59
2026-08-20,Olympus,official,region,false,1,null,Jackie,null,missed,true,false,false,false,41.4,24.5,C,18-27,false,28.0,15.6,null,null,f794d63f-9c16-469e-a131-70f663562074,b689a033-333f-45ab-b501-3371643f4b59
2026-08-20,Olympus,official,region,false,1,null,Addison,null,goal,true,false,true,true,38.7,1.3,C,0-9,true,5.3,42.5,cross,null,ff6f7557-23f3-428d-8d12-a945f3326a61,b689a033-333f-45ab-b501-3371643f4b59
2026-08-20,Olympus,official,region,false,2,null,Savanna,null,missed,true,false,false,false,33.6,29,C,27+,false,31.7,14.4,null,null,16e5645f-3280-4681-a054-b8af54311890,b689a033-333f-45ab-b501-3371643f4b59
2026-08-20,Olympus,official,region,false,2,null,Kailee,null,missed,true,false,false,false,43.1,8.6,C,9-18,true,13.7,23.7,pass,null,215346d6-c993-4ecb-8a2f-3dac725ea975,b689a033-333f-45ab-b501-3371643f4b59
2026-08-20,Olympus,official,region,false,2,null,Sharky,null,missed,true,false,false,false,30.7,31.7,C,27+,false,34.9,13.0,null,null,2df56f6c-4152-4235-a41f-21b753d9f96f,b689a033-333f-45ab-b501-3371643f4b59
2026-08-20,Olympus,official,region,false,2,null,Addison,null,on-target,true,false,true,false,30.4,0.2,C,0-9,true,3.9,105.1,null,null,87480b50-bc3e-45ec-b9c3-820289e8f433,b689a033-333f-45ab-b501-3371643f4b59
2026-08-20,Olympus,official,region,false,2,null,Addison,null,on-target,true,false,true,false,29.9,2.4,C,0-9,true,5.2,62.4,null,null,ad0cbd03-69b3-4af9-9ecb-f465ee1be9b0,b689a033-333f-45ab-b501-3371643f4b59
2026-08-20,Olympus,official,region,false,ET1,null,Jackie,null,on-target,true,false,true,false,40.7,30.7,C,27+,false,34.4,13.0,null,null,026376db-98a4-4e9e-8c44-c4ac14ac7ef5,b689a033-333f-45ab-b501-3371643f4b59
2026-08-20,Olympus,official,region,false,ET1,null,Ari,null,blocked,true,false,false,false,34.8,21,C,18-27,false,23.0,19.7,null,null,e076c730-3f83-455c-b7e5-f37316ca742f,b689a033-333f-45ab-b501-3371643f4b59
2026-08-20,Olympus,official,region,false,ET1,null,Ari,null,blocked,true,false,false,false,35.8,27.5,C,27+,false,30.1,15.1,null,null,f39df73b-1041-42e7-8a0b-3282bf5af112,b689a033-333f-45ab-b501-3371643f4b59
2026-08-25,Viewmont,official,region,false,1,null,Georgia,RW,on-target,true,false,true,false,42.6,8.2,C,0-9,true,13.0,25.2,null,null,165fda5e-460e-4976-a37d-a8ede7895f34,1b34f6c7-d617-4ed6-8466-71815882a46f
2026-08-25,Viewmont,official,region,false,1,null,Ari,LW,missed,true,false,false,false,25.9,10.1,C,9-18,true,14.2,25.6,null,null,3cea78f2-64f6-444c-83d6-6c39c4cb0c8a,1b34f6c7-d617-4ed6-8466-71815882a46f
2026-08-25,Viewmont,official,region,false,1,null,Georgia,RW,missed,true,false,false,false,43.8,0.6,RHS,0-9,true,10.7,3.0,gap,null,5a3b54b5-335e-4761-a839-9655aeb7b150,1b34f6c7-d617-4ed6-8466-71815882a46f
2026-08-25,Viewmont,official,region,false,1,null,Kate,RW,on-target,true,false,true,false,47.2,15.2,RHS,9-18,true,22.0,15.9,null,null,80d73723-cd99-48a3-a8df-2ff267f5c5c0,1b34f6c7-d617-4ed6-8466-71815882a46f
2026-08-25,Viewmont,official,region,false,1,null,Kailee,CF,on-target,true,false,true,false,34.6,13,C,9-18,true,14.2,31.4,null,null,869cfb67-9604-415d-b3cd-e5d58a9abaa8,1b34f6c7-d617-4ed6-8466-71815882a46f
2026-08-25,Viewmont,official,region,false,1,null,Jackie,LM,missed,true,false,false,false,45.8,24.6,RHS,18-27,false,29.8,13.8,null,null,9e31c4c9-8916-4609-934d-81e0710689e6,1b34f6c7-d617-4ed6-8466-71815882a46f
2026-08-25,Viewmont,official,region,false,1,null,Georgia,RW,on-target,true,false,true,false,51.3,4.5,RHS,0-9,true,19.5,6.1,gap,null,c10ed5cc-46ca-4481-b9da-32cc8dd2f14f,1b34f6c7-d617-4ed6-8466-71815882a46f
2026-08-25,Viewmont,official,region,false,1,null,Saige,LB,on-target,true,false,true,false,18.7,20.2,LHS,18-27,false,27.7,13.2,pass,null,cf898401-b988-48e1-8c7c-49b562f02216,1b34f6c7-d617-4ed6-8466-71815882a46f
2026-08-25,Viewmont,official,region,false,2,null,Ari,RW,missed,true,false,false,false,50,18.8,RHS,18-27,false,27.0,13.0,null,null,082fcd14-0a8b-428d-871b-1483d0ac04af,1b34f6c7-d617-4ed6-8466-71815882a46f
2026-08-25,Viewmont,official,region,false,2,null,Sharky,RM,on-target,true,false,true,false,31.4,9.3,C,9-18,true,10.6,40.4,cross,null,0b4e7ffb-f1b1-4fbb-a332-584196d9b1f9,1b34f6c7-d617-4ed6-8466-71815882a46f
2026-08-25,Viewmont,official,region,false,2,null,Saige,DM,foul,false,false,false,false,9.2,22.4,LW,18-27,false,36.5,8.5,null,null,1f4209c4-6411-45bd-8a42-b70311f4e547,1b34f6c7-d617-4ed6-8466-71815882a46f
2026-08-25,Viewmont,official,region,false,2,null,Kailee,CF,on-target,true,false,true,false,30.9,19.1,C,18-27,false,21.2,21.2,null,null,3b6228fa-a5f0-495c-97bd-131e2f6db26b,1b34f6c7-d617-4ed6-8466-71815882a46f
2026-08-25,Viewmont,official,region,false,2,null,Abby,LW,missed,true,false,false,false,6.4,14.8,LW,9-18,false,34.2,6.4,null,null,56e3578d-c1d2-47b6-8c65-1169200726fe,1b34f6c7-d617-4ed6-8466-71815882a46f
2026-08-25,Viewmont,official,region,false,2,null,Ari,CF,goal,true,false,true,true,39.7,17.1,C,18-27,false,19.7,21.9,null,null,7812299c-c7fc-482f-bdf6-59bbb6f8ecee,1b34f6c7-d617-4ed6-8466-71815882a46f
2026-08-25,Viewmont,official,region,false,2,null,Jane,RCB,blocked,true,false,false,false,19,9.1,LHS,9-18,true,19.2,12.7,null,null,797ec6e1-dab9-4a49-b7a4-7fdb8c98b354,1b34f6c7-d617-4ed6-8466-71815882a46f
2026-08-25,Viewmont,official,region,false,2,null,Jackie,LM,missed,true,false,false,false,43.3,25.5,RHS,27+,false,29.7,14.5,null,null,8b1f8625-d4ab-4cc2-965a-5b8cdaf9d0d3,1b34f6c7-d617-4ed6-8466-71815882a46f
2026-08-25,Viewmont,official,region,false,2,null,Saige,DM,on-target,true,false,true,false,12.8,13.7,LW,9-18,false,27.6,9.1,null,null,a8390557-cb4c-4605-a83e-bc3a94c2a537,1b34f6c7-d617-4ed6-8466-71815882a46f
2026-08-25,Viewmont,official,region,false,2,null,Sharky,RM,on-target,true,false,true,false,28.3,3.7,C,0-9,true,7.4,39.6,null,null,b4737581-1275-43ee-8ee3-edf06f7ac679,1b34f6c7-d617-4ed6-8466-71815882a46f
2026-08-25,Viewmont,official,region,false,2,null,Abby,LW,on-target,true,false,true,false,14.1,21.3,LHS,18-27,false,31.9,10.6,pass,null,bc1b2547-3969-4c36-8755-ffcfaf4eda69,1b34f6c7-d617-4ed6-8466-71815882a46f
2026-08-25,Viewmont,official,region,false,2,null,Ari,RW,goal,true,false,true,true,33.9,14.8,C,9-18,true,16.2,27.8,pass,null,e8510215-aeb5-4f2f-9cda-39a2d82c84f8,1b34f6c7-d617-4ed6-8466-71815882a46f
2026-08-27,Woods Cross,official,region,false,1,null,Kailee,CF,pk-goal,true,true,true,true,34.6,10.5,C,9-18,true,11.5,38.3,null,null,32bd0f04-a10e-4771-acaf-11b6440b265f,d5b74ae0-6d39-4060-9203-d957468c498b
2026-08-27,Woods Cross,official,region,false,1,null,Sharky,RM,missed,true,false,false,false,30.3,2.8,C,0-9,true,5.1,68.4,null,null,50439313-b07d-4100-9e7c-bb73252dce46,d5b74ae0-6d39-4060-9203-d957468c498b
2026-08-27,Woods Cross,official,region,false,1,null,Maddie,LB,on-target,true,false,true,false,21.8,26.4,LHS,27+,false,31.8,13.1,null,null,5b7a35d6-064a-48c3-a52b-0142901fe983,d5b74ae0-6d39-4060-9203-d957468c498b
2026-08-27,Woods Cross,official,region,false,1,null,Jackie,LM,on-target,true,false,true,false,30.4,24.6,C,18-27,false,27.2,16.6,null,null,77ba1a3b-3087-41b4-b4df-b8b66abdce4c,d5b74ae0-6d39-4060-9203-d957468c498b
2026-08-27,Woods Cross,official,region,false,1,null,Stella,CF,goal,true,false,true,true,37,3.6,C,0-9,true,5.1,72.0,null,null,fe72c232-b7cd-4e01-8c45-8d9107cb6663,d5b74ae0-6d39-4060-9203-d957468c498b
2026-08-27,Woods Cross,official,region,false,2,null,Savanna,CF,corner,false,false,false,false,28.6,7.1,C,0-9,true,9.8,38.1,null,null,1420d516-4f2d-486f-ad57-65795a5eef2d,d5b74ae0-6d39-4060-9203-d957468c498b
2026-08-27,Woods Cross,official,region,false,2,null,Savanna,CF,blocked,true,false,false,false,35.2,19.2,C,18-27,false,21.0,21.5,null,null,328ac60b-b096-4e32-ab4a-75408ab7a5ee,d5b74ae0-6d39-4060-9203-d957468c498b
2026-08-27,Woods Cross,official,region,false,2,null,Ari,RW,on-target,true,false,true,false,25.9,19.3,C,18-27,false,22.9,18.4,null,null,3a519fc7-df0d-41bb-9bbc-e0590db1d485,d5b74ae0-6d39-4060-9203-d957468c498b
2026-08-27,Woods Cross,official,region,false,2,null,Ari,LW,on-target,true,false,true,false,30.4,23.6,C,18-27,false,26.1,17.2,null,null,3fa3fcf7-81e1-44ea-8833-15d8b51fe2af,d5b74ae0-6d39-4060-9203-d957468c498b
2026-08-27,Woods Cross,official,region,false,2,null,Savanna,CF,blocked,true,false,false,false,31.9,9.9,C,9-18,true,11.1,39.1,null,null,400205c8-279e-4a83-a688-7f118fcdcc48,d5b74ae0-6d39-4060-9203-d957468c498b
2026-08-27,Woods Cross,official,region,false,2,null,Savanna,CF,on-target,true,false,true,false,40.8,21.3,C,18-27,false,24.5,17.8,null,null,44613ed1-3db8-4097-9d35-f170e534c3c9,d5b74ae0-6d39-4060-9203-d957468c498b
2026-08-27,Woods Cross,official,region,false,2,null,Kate,RW,on-target,true,false,true,false,45.1,20.5,RHS,18-27,false,25.5,15.8,null,null,5e3fb6ea-9f52-49bf-b566-492dfe8f93cc,d5b74ae0-6d39-4060-9203-d957468c498b
2026-08-27,Woods Cross,official,region,false,2,null,Maddie,LB,corner,false,false,false,false,8.3,19.2,LW,18-27,false,35.1,7.9,null,null,7f5e242d-0845-4eb1-be76-9c695ef64485,d5b74ae0-6d39-4060-9203-d957468c498b
2026-08-27,Woods Cross,official,region,false,2,null,Savanna,CF,missed,true,false,false,false,46.9,11.8,RHS,9-18,true,19.1,16.5,null,null,b3fcf6d8-d313-44b4-91a4-e880ce0be924,d5b74ae0-6d39-4060-9203-d957468c498b
2026-08-27,Woods Cross,official,region,false,2,null,Jackie,LM,on-target,true,false,true,false,31.7,19.1,C,18-27,false,21.0,21.4,null,null,c2a3004b-9bd1-49d6-8105-a4ad9e674a57,d5b74ae0-6d39-4060-9203-d957468c498b
2026-08-27,Woods Cross,official,region,false,2,null,Jackie,LM,missed,true,false,false,false,35.5,25.5,C,27+,false,27.9,16.3,null,null,d786f53c-f53c-436f-af97-8045dabd1d6e,d5b74ae0-6d39-4060-9203-d957468c498b
2026-08-27,Woods Cross,official,region,false,2,null,Abby,LW,missed,true,false,false,false,18.7,13.6,LHS,9-18,true,22.4,13.8,null,null,e1d4afa0-8047-4278-890f-8405fe9479cb,d5b74ae0-6d39-4060-9203-d957468c498b
2026-08-27,Woods Cross,official,region,false,2,null,Sharky,LM,missed,true,false,false,false,24.3,9.5,LHS,9-18,true,14.8,22.1,null,null,e38b518f-602b-486f-bc3e-46194ada90e1,d5b74ae0-6d39-4060-9203-d957468c498b
2026-09-01,Bountiful,official,region,true,1,null,Saige,LB,blocked,true,false,false,false,14.6,22.4,LHS,18-27,false,32.4,10.7,null,null,11c0fe83-e91e-491e-8f6a-01c0169e6bf6,72e22e2c-bbd8-47cd-96cc-629f2ecbcb1b
2026-09-01,Bountiful,official,region,true,1,null,Ari,LW,on-target,true,false,true,false,41,8.3,C,9-18,true,11.9,30.2,null,null,190cfb62-2942-4f40-8016-7c8e581498e3,72e22e2c-bbd8-47cd-96cc-629f2ecbcb1b
2026-09-01,Bountiful,official,region,true,1,null,Ari,LW,on-target,true,false,true,false,33.4,20.2,C,18-27,false,22.1,20.5,null,null,2462011d-0392-4514-879a-8b1718f0b4c0,72e22e2c-bbd8-47cd-96cc-629f2ecbcb1b
2026-09-01,Bountiful,official,region,true,1,null,Jackie,RM,on-target,true,false,true,false,18.2,30.3,LHS,27+,false,37.4,10.9,null,null,2f59a659-ca31-49b0-830d-475d2fa60f37,72e22e2c-bbd8-47cd-96cc-629f2ecbcb1b
2026-09-01,Bountiful,official,region,true,1,null,Savanna,DM,foul,false,false,false,false,42.9,35.1,C,27+,false,39.6,11.2,null,null,2fb47b01-103f-43da-9fd5-3f14a6282ca5,72e22e2c-bbd8-47cd-96cc-629f2ecbcb1b
2026-09-01,Bountiful,official,region,true,1,null,Ari,LW,goal,true,false,true,true,21.8,6.1,LHS,0-9,true,14.9,14.5,gap,null,3cc80cba-db2d-4d68-9315-b579fdaa5b95,72e22e2c-bbd8-47cd-96cc-629f2ecbcb1b
2026-09-01,Bountiful,official,region,true,1,null,Sharky,RM,missed,true,false,false,false,29.1,26.8,C,27+,false,29.8,15.1,null,null,3d22a303-9564-4a00-813c-5f9b3cd05cb5,72e22e2c-bbd8-47cd-96cc-629f2ecbcb1b
2026-09-01,Bountiful,official,region,true,1,null,Savanna,DM,missed,true,false,false,false,43.4,24,RHS,18-27,false,28.2,15.1,null,null,4eff7525-9904-4ae4-aa00-e1ccd61ad826,72e22e2c-bbd8-47cd-96cc-629f2ecbcb1b
2026-09-01,Bountiful,official,region,true,1,null,Ari,CF,blocked,true,false,false,false,34,8.9,C,9-18,true,9.7,44.7,null,null,59257ad8-444e-4638-b9c7-32b2e828e22d,72e22e2c-bbd8-47cd-96cc-629f2ecbcb1b
2026-09-01,Bountiful,official,region,true,1,null,Saige,LB,missed,true,false,false,false,29.8,37.9,C,27+,false,41.7,10.9,null,null,64ebc3ef-487d-4486-829d-050b96176792,72e22e2c-bbd8-47cd-96cc-629f2ecbcb1b
2026-09-01,Bountiful,official,region,true,1,null,Ari,LW,goal,true,false,true,true,27.6,7.2,C,0-9,true,10.5,33.6,null,null,70e0b8f1-5255-4e05-b490-3706b830987a,72e22e2c-bbd8-47cd-96cc-629f2ecbcb1b
2026-09-01,Bountiful,official,region,true,1,null,Addison,CF,on-target,true,false,true,false,57.3,25.9,RW,27+,false,38.1,9.0,null,null,864c3f6f-3ef3-44f8-bd7b-a2bb4a184468,72e22e2c-bbd8-47cd-96cc-629f2ecbcb1b
2026-09-01,Bountiful,official,region,true,1,null,Saige,LB,missed,true,false,false,false,35.9,35.7,C,27+,false,39.1,11.7,null,null,9ab13a4e-d87e-4ecc-b97b-142cefcd3497,72e22e2c-bbd8-47cd-96cc-629f2ecbcb1b
2026-09-01,Bountiful,official,region,true,1,null,Savanna,DM,foul,false,false,false,false,56,39.1,RW,27+,false,49.1,8.1,null,null,ae97bed9-792e-4705-9430-9fda30a188aa,72e22e2c-bbd8-47cd-96cc-629f2ecbcb1b
2026-09-01,Bountiful,official,region,true,1,null,Savanna,DM,missed,true,false,false,false,38.1,7.2,C,0-9,true,9.1,43.6,null,null,c309f709-26dd-4b0f-a8d7-54f9cd0ef735,72e22e2c-bbd8-47cd-96cc-629f2ecbcb1b
2026-09-01,Bountiful,official,region,true,1,null,Shai,LCB,foul,false,false,false,false,29.5,45.5,C,27+,false,50.0,9.1,null,null,e103e45b-1e9d-4807-a08f-00d291c0d26c,72e22e2c-bbd8-47cd-96cc-629f2ecbcb1b
2026-09-01,Bountiful,official,region,true,1,null,Savanna,DM,on-target,true,false,true,false,23.6,35.7,LHS,27+,false,40.7,10.8,null,null,f02f793b-2c2e-4447-a239-cada1078b664,72e22e2c-bbd8-47cd-96cc-629f2ecbcb1b
2026-09-01,Bountiful,official,region,true,1,null,Kailee,CF,on-target,true,false,true,false,37.6,24.5,C,18-27,false,27.1,16.6,null,null,f392e6f9-86a5-4702-80a6-5ebe54df67ca,72e22e2c-bbd8-47cd-96cc-629f2ecbcb1b
2026-09-01,Bountiful,official,region,true,1,null,Kailee,CF,on-target,true,false,true,false,29.2,7.6,C,0-9,true,9.8,39.5,null,null,f9419d34-7e0d-4d4c-afd6-5a1c1f1b7727,72e22e2c-bbd8-47cd-96cc-629f2ecbcb1b
2026-09-01,Bountiful,official,region,true,1,null,Saige,LB,missed,true,false,false,false,19.7,40,LHS,27+,false,46.5,9.3,null,null,fbd8622f-1e25-4f4a-ba9d-169ace39772f,72e22e2c-bbd8-47cd-96cc-629f2ecbcb1b
2026-09-01,Bountiful,official,region,true,1,null,Ari,CF,on-target,true,false,true,false,46.6,11.4,RHS,9-18,true,18.6,16.9,null,null,fd095c7c-9975-4def-88db-5ded0257a6da,72e22e2c-bbd8-47cd-96cc-629f2ecbcb1b
2026-09-01,Bountiful,official,region,true,1,null,Savanna,DM,foul,false,false,false,false,7.3,27.2,LW,27+,false,41.7,7.9,null,null,fd7eb27f-c157-4000-8f5d-b87b6dd45d47,72e22e2c-bbd8-47cd-96cc-629f2ecbcb1b
2026-09-01,Bountiful,official,region,true,2,null,Stella,CF,blocked,true,false,false,false,42.6,7.6,C,0-9,true,12.6,25.2,null,null,1f8416e6-2243-4ecf-a9d4-117a3ddc3032,72e22e2c-bbd8-47cd-96cc-629f2ecbcb1b
2026-09-01,Bountiful,official,region,true,2,null,Abby,RW,blocked,true,false,false,false,37,5.4,C,0-9,true,6.8,57.9,null,null,687d1a7a-13f2-49b8-bd42-30664c00907a,72e22e2c-bbd8-47cd-96cc-629f2ecbcb1b
2026-09-01,Bountiful,official,region,true,2,null,Sharky,DM,blocked,true,false,false,false,28.6,25.7,C,27+,false,28.7,15.5,null,null,92a6637a-7e9a-4ed5-b5a9-7374168552f2,72e22e2c-bbd8-47cd-96cc-629f2ecbcb1b
2026-09-01,Bountiful,official,region,true,2,null,Kate,LW,on-target,true,false,true,false,8.6,23.8,LW,18-27,false,38.1,8.3,null,null,b37d84ea-288a-452f-985d-8f51c28bbea3,72e22e2c-bbd8-47cd-96cc-629f2ecbcb1b
2026-09-01,Bountiful,official,region,true,2,null,Kate,LW,on-target,true,false,true,false,17.9,14.2,LHS,9-18,true,23.5,13.1,null,null,c3bc6d0f-714d-452a-9cf4-c7dcac3049e0,72e22e2c-bbd8-47cd-96cc-629f2ecbcb1b
2026-09-03,Alta,official,region,false,2,0,Kate,LW,on-target,true,false,true,false,11.6,18.1,LW,18-27,false,31.5,9.2,null,null,0a175c4a-f0ef-4fc7-95a9-13319a01cdeb,c8503b87-e32a-4dd6-956c-48e0b8095256
2026-09-03,Alta,official,region,false,2,0,Addison,RW,missed,true,false,false,false,26.6,11,C,9-18,true,14.5,26.4,null,null,1bb333ae-7729-42e4-99b3-e5a0ac1e5049,c8503b87-e32a-4dd6-956c-48e0b8095256
2026-09-03,Alta,official,region,false,2,0,Savanna,DM,on-target,true,false,true,false,42.2,25.5,C,27+,false,29.3,14.8,null,null,2160664e-11c9-4ab4-a1ac-22dbd945f3ae,c8503b87-e32a-4dd6-956c-48e0b8095256
2026-09-03,Alta,official,region,false,2,0,Addison,RW,on-target,true,false,true,false,49.5,12.4,RHS,9-18,true,21.7,13.4,null,null,338d7afa-30c5-4a86-86cc-6b138c10ac01,c8503b87-e32a-4dd6-956c-48e0b8095256
2026-09-03,Alta,official,region,false,2,0,Savanna,DM,missed,true,false,false,false,29,20.9,C,18-27,false,23.5,18.8,null,null,49b3b696-0724-40cf-b09a-a920bacacfec,c8503b87-e32a-4dd6-956c-48e0b8095256
2026-09-03,Alta,official,region,false,2,0,Ari,LW,missed,true,false,false,false,16.9,16,LHS,9-18,true,25.6,12.3,null,null,530c9bb4-13a2-4151-aa1a-4e0f5f04b72f,c8503b87-e32a-4dd6-956c-48e0b8095256
2026-09-03,Alta,official,region,false,2,0,Ari,LW,on-target,true,false,true,false,22.7,23.4,LHS,18-27,false,28.4,14.5,null,null,56a35a06-9a76-4eed-aa69-7d0c49b6cc32,c8503b87-e32a-4dd6-956c-48e0b8095256
2026-09-03,Alta,official,region,false,2,0,Grace,RM,missed,true,false,false,false,35.2,26.3,C,27+,false,28.8,15.8,null,null,6158216f-fcc5-4d7e-9a8e-dc438b78d7c5,c8503b87-e32a-4dd6-956c-48e0b8095256
2026-09-03,Alta,official,region,false,2,0,Sharky,LM,goal,true,false,true,true,33.3,2.2,C,0-9,true,2.5,116.6,null,null,711014fc-4938-4af2-aeec-123037ad5bd0,c8503b87-e32a-4dd6-956c-48e0b8095256
2026-09-03,Alta,official,region,false,2,0,Savanna,DM,on-target,true,false,true,false,38.2,21.8,C,18-27,false,24.3,18.4,null,null,a9b3b2a0-14b3-4e34-8d1e-d8be04800ac3,c8503b87-e32a-4dd6-956c-48e0b8095256
2026-09-03,Alta,official,region,false,2,0,Addison,RW,missed,true,false,false,false,58.1,20.6,RW,18-27,false,34.7,8.6,null,null,c82542e7-c74f-4840-8f79-2888449137a1,c8503b87-e32a-4dd6-956c-48e0b8095256
2026-09-03,Alta,official,region,false,2,0,Savanna,DM,on-target,true,false,true,false,15.2,34.9,LHS,27+,false,43.4,9.3,null,null,d68a2c7e-bc53-46aa-b6cb-4cfcb772ef32,c8503b87-e32a-4dd6-956c-48e0b8095256
2026-09-03,Alta,official,region,false,2,0,Maddie,LB,on-target,true,false,true,false,10.1,29.3,LW,27+,false,41.4,8.6,null,null,d88b44de-1a3f-49db-80a9-1b73c7104efa,c8503b87-e32a-4dd6-956c-48e0b8095256
2026-09-03,Alta,official,region,false,2,0,Abby,RW,on-target,true,false,true,false,41.6,7.5,C,0-9,true,11.7,28.6,null,null,f30bd3c4-ed91-4648-8008-f1150c8f9d83,c8503b87-e32a-4dd6-956c-48e0b8095256
2026-09-03,Alta,official,region,false,2,0,Savanna,DM,on-target,true,false,true,false,48.6,25.6,RHS,27+,false,32.2,12.4,null,null,fae6a38a-4ef6-4c77-a28b-55e19b7e7194,c8503b87-e32a-4dd6-956c-48e0b8095256
2026-09-08,Skyline,official,region,false,1,35,Jackie,LM,missed,true,false,false,false,19.7,7.1,LHS,0-9,true,17.5,12.1,null,null,07ae25ec-76bd-445e-b074-0b450c28e8ff,628b4c23-f63e-4031-90c4-19b266191798
2026-09-08,Skyline,official,region,false,1,127,Jackie,RM,missed,true,false,false,false,34.5,23.1,C,18-27,false,25.3,18.0,null,null,63b04a31-8629-418b-8140-e603103688d2,628b4c23-f63e-4031-90c4-19b266191798
2026-09-08,Skyline,official,region,false,1,307,Sharky,LM,on-target,true,false,true,false,31.5,13.5,C,9-18,true,15.0,29.4,null,null,e078348d-615a-4069-8787-b05ed4c56242,628b4c23-f63e-4031-90c4-19b266191798
2026-09-08,Skyline,official,region,false,1,325,Jackie,RM,missed,true,false,false,false,29.8,3.2,C,0-9,true,5.8,58.3,null,null,ad031165-3bfc-4216-8001-6474107895b6,628b4c23-f63e-4031-90c4-19b266191798
2026-09-08,Skyline,official,region,false,1,441,Savanna,DM,missed,true,false,false,false,54.6,23.1,RW,18-27,false,33.8,10.1,null,null,85a27d08-f7b8-4d17-851b-175829301ada,628b4c23-f63e-4031-90c4-19b266191798
2026-09-08,Skyline,official,region,false,1,747,Georgia,RW,goal,true,false,true,true,51.4,11.9,RHS,9-18,true,23.1,11.4,gap,null,f50e0417-ec37-4c0a-9da2-d75b3f2898af,628b4c23-f63e-4031-90c4-19b266191798
2026-09-08,Skyline,official,region,false,1,793,Savanna,DM,goal,true,false,true,true,37.6,5.5,C,0-9,true,7.2,53.5,null,null,cecbf370-fca5-4dab-a260-53e6f8d3ec9c,628b4c23-f63e-4031-90c4-19b266191798
2026-09-08,Skyline,official,region,false,1,1027,Grace,RM,missed,true,false,false,false,19.3,15.1,LHS,9-18,true,23.0,14.4,null,null,4908656f-22c3-4262-97d5-9ae8b6372d8f,628b4c23-f63e-4031-90c4-19b266191798
2026-09-08,Skyline,official,region,false,1,1902,Jackie,RM,goal,true,false,true,true,28,25.8,C,27+,false,29.0,15.3,pass,null,9732ac0c-1a8f-4aa9-b6f8-931ba2ceebb0,628b4c23-f63e-4031-90c4-19b266191798
2026-09-08,Skyline,official,region,false,1,2121,Natalia,LW,on-target,true,false,true,false,26.9,21.6,C,18-27,false,24.9,17.4,null,null,12209c26-ee02-498c-9152-b186ad93ecf4,628b4c23-f63e-4031-90c4-19b266191798
2026-09-08,Skyline,official,region,false,1,2354,Addison,LW,blocked,true,false,false,false,46.6,22.7,RHS,18-27,false,28.4,14.1,null,null,aff93269-9405-4c98-87f1-ec4960e86b0f,628b4c23-f63e-4031-90c4-19b266191798
2026-09-08,Skyline,official,region,false,2,49,Savanna,DM,missed,true,false,false,false,31.2,14.2,C,9-18,true,15.8,27.9,cross,null,1c5f16f6-5124-4961-932e-c820002ca45d,628b4c23-f63e-4031-90c4-19b266191798
2026-09-08,Skyline,official,region,false,2,429,Grace,RM,missed,true,false,false,false,41.9,24.5,C,18-27,false,28.2,15.4,null,null,335545f3-53e1-452a-b271-d5cbf4277964,628b4c23-f63e-4031-90c4-19b266191798
2026-09-08,Skyline,official,region,false,2,451,Kate,LW,blocked,true,false,false,false,3.3,19.1,LW,18-27,false,39.5,6.2,null,null,55985dc7-f7e6-4944-89b9-60cec2ec5843,628b4c23-f63e-4031-90c4-19b266191798
2026-09-08,Skyline,official,region,false,2,754,Kailee,CF,on-target,true,false,true,false,26.4,6.6,C,0-9,true,11.0,28.8,cross,null,40551d30-d579-4ac3-b970-4f78c7084fa3,628b4c23-f63e-4031-90c4-19b266191798
2026-09-08,Skyline,official,region,false,2,876,Ari,RW,missed,true,false,false,false,54.3,13.3,RW,9-18,false,26.5,9.6,pass,null,a35c70e7-cea6-461d-bc9b-fa9ea071c9cd,628b4c23-f63e-4031-90c4-19b266191798
2026-09-08,Skyline,official,region,false,2,911,Kailee,CF,goal,true,false,true,true,21.1,15.1,LHS,9-18,true,21.7,16.2,pass,null,c1eb2759-8e53-4f75-89c8-7c83e6a7039d,628b4c23-f63e-4031-90c4-19b266191798
2026-09-08,Skyline,official,region,false,2,1012,Sharky,RM,goal,true,false,true,true,31,5,C,0-9,true,6.4,60.6,cross,null,50a60abd-07ac-4785-b9e4-5b2d4f5059ef,628b4c23-f63e-4031-90c4-19b266191798
2026-09-08,Skyline,official,region,false,2,1012,Saige,RB,missed,true,false,false,false,48.8,20.6,RHS,18-27,false,27.7,13.5,null,null,7bacd415-a642-401d-b48e-b38bfde1dcfc,628b4c23-f63e-4031-90c4-19b266191798
2026-09-15,Olympus,official,region,true,1,0,Jackie,LM,missed,true,false,false,false,21.8,25,LHS,27+,false,30.4,13.5,null,null,7c37f808-2cf3-4ab4-9d28-1e48c0f92165,ca6eed99-7d3c-4dc6-ac79-30b72782f3f6
2026-09-15,Olympus,official,region,true,1,269,Sharky,RM,missed,true,false,false,false,38,3.3,C,0-9,true,5.7,60.8,cross,null,9b8df714-97fc-4918-b6f3-68c3220e7cca,ca6eed99-7d3c-4dc6-ac79-30b72782f3f6
2026-09-15,Olympus,official,region,true,1,1525,Jackie,LM,corner,false,false,false,false,1.6,5.5,LW,0-9,false,35.9,2.2,null,null,ca8e594e-5fa7-4f53-84b2-474915d8a954,ca6eed99-7d3c-4dc6-ac79-30b72782f3f6
2026-09-15,Olympus,official,region,true,1,1566,Natalia,LW,missed,true,false,false,false,33.1,13.9,C,9-18,true,15.2,29.4,null,null,771362b5-2a04-48c7-9dfc-474c56ea1e39,ca6eed99-7d3c-4dc6-ac79-30b72782f3f6
2026-09-15,Olympus,official,region,true,1,2370,Kate,LW,missed,true,false,false,false,27.3,1.6,C,0-9,true,7.5,19.0,cross,null,f51b7f8a-fc67-4049-b18e-301a93d22731,ca6eed99-7d3c-4dc6-ac79-30b72782f3f6
2026-09-15,Olympus,official,region,true,2,82,Ari,CF,missed,true,false,false,false,16.4,17.1,LHS,18-27,false,26.8,12.0,pass,null,2cd8c252-9079-428d-a004-7892c4a4878b,ca6eed99-7d3c-4dc6-ac79-30b72782f3f6
2026-09-15,Olympus,official,region,true,2,150,Ari,CF,on-target,true,false,true,false,27.8,16.5,C,9-18,true,19.3,22.1,null,null,fc3ae12d-ac39-43f1-a26e-ae245a4b69c4,ca6eed99-7d3c-4dc6-ac79-30b72782f3f6
2026-09-15,Olympus,official,region,true,2,168,Jane,LW,on-target,true,false,true,false,22.3,11.5,LHS,9-18,true,17.9,18.2,null,null,b4b2eb51-8440-4313-867b-47c698d2a2c3,ca6eed99-7d3c-4dc6-ac79-30b72782f3f6
2026-09-15,Olympus,official,region,true,2,257,Jane,LW,missed,true,false,false,false,11.9,18.3,LW,18-27,false,31.4,9.4,null,null,56af7c48-dc15-4500-9d90-468ea7419214,ca6eed99-7d3c-4dc6-ac79-30b72782f3f6
2026-09-15,Olympus,official,region,true,2,903,Jane,LW,blocked,true,false,false,false,28.1,9.5,C,9-18,true,12.2,31.9,pass,null,547e504f-ac31-4232-bb9c-4263a5da66a5,ca6eed99-7d3c-4dc6-ac79-30b72782f3f6
2026-09-15,Olympus,official,region,true,2,1602,Ari,CF,blocked,true,false,false,false,32.8,6.5,C,0-9,true,7.2,57.5,cross,null,1b91a7fa-0046-4363-86ba-ef2c6cc5927d,ca6eed99-7d3c-4dc6-ac79-30b72782f3f6
2026-09-15,Olympus,official,region,true,2,1955,Natalia,RW,missed,true,false,false,false,50.8,9.5,RHS,9-18,true,21.1,11.0,null,null,3f938454-f5bd-4510-bcb5-dac0ee3a4fc8,ca6eed99-7d3c-4dc6-ac79-30b72782f3f6
2026-09-15,Olympus,official,region,true,2,1962,Jackie,LM,goal,true,false,true,true,24.1,24.6,LHS,18-27,false,29.0,14.6,null,null,81ca9e98-f873-45b6-bc5e-bc1ae337503d,ca6eed99-7d3c-4dc6-ac79-30b72782f3f6
2026-09-15,Olympus,official,region,true,2,2191,Savanna,DM,on-target,true,false,true,false,5.4,21.8,LW,18-27,false,39.3,7.1,null,null,1c9d959b-b1bf-4991-b1d0-35f5cc064a83,ca6eed99-7d3c-4dc6-ac79-30b72782f3f6
2026-09-15,Olympus,official,region,true,2,2223,Ari,CF,on-target,true,false,true,false,6.9,14.7,LW,9-18,false,33.7,6.6,gap,null,6f89c8c9-622f-4e5e-9e65-8343bf8b1a67,ca6eed99-7d3c-4dc6-ac79-30b72782f3f6
2026-09-15,Olympus,official,region,true,ET1,0,Savanna,DM,goal,true,false,true,true,24.1,18.5,LHS,18-27,false,22.9,17.6,null,null,229a5149-ab87-4e2d-9241-9c0a819828f1,ca6eed99-7d3c-4dc6-ac79-30b72782f3f6
2026-09-15,Olympus,official,region,true,ET1,110,Tae,LCB,foul,false,false,false,false,22,54.8,LHS,27+,false,61.4,7.3,null,null,05a3ae60-dcd3-4527-9a8c-4c9cc3e6091b,ca6eed99-7d3c-4dc6-ac79-30b72782f3f6
2026-09-17,Viewmont,official,region,true,1,207,Ari,LM,blocked,true,false,false,false,47.7,17.4,RHS,18-27,false,24.2,14.9,pass,null,0599bac9-f19d-4afd-8a17-432d18c09c5c,127f3c4a-4c5f-4fbb-9d40-d928213c6c62
2026-09-17,Viewmont,official,region,true,1,1247,Natalia,CF,goal,true,false,true,true,32.8,0,C,0-9,true,1.3,180.0,pass,cross,7c0021d1-9757-4fb1-8de8-8a07eeb55295,127f3c4a-4c5f-4fbb-9d40-d928213c6c62
2026-09-17,Viewmont,official,region,true,1,1493,Addison,LW,goal,true,false,true,true,32.5,11.1,C,9-18,true,12.2,35.9,cross,null,9752ac8c-055d-4054-b71e-6b94ac488c8d,127f3c4a-4c5f-4fbb-9d40-d928213c6c62
2026-09-17,Viewmont,official,region,true,1,2257,Natalia,RB,on-target,true,false,true,false,47,8.3,RHS,9-18,true,16.9,15.1,null,null,672e3872-27ad-4627-8655-64e37454e464,127f3c4a-4c5f-4fbb-9d40-d928213c6c62
2026-09-17,Viewmont,official,region,true,1,2303,Saige,DM,corner,false,false,false,false,67.6,0.4,RW,0-9,false,36.7,0.2,null,null,25135f8b-85d3-4ef8-bf2b-e3db1ca0c832,127f3c4a-4c5f-4fbb-9d40-d928213c6c62
2026-09-17,Viewmont,official,region,true,1,2336,Ari,RW,missed,true,false,false,false,56,3.2,RW,0-9,false,24.3,2.8,pass,null,d2ede095-23a1-48a7-8242-ce97f3841c44,127f3c4a-4c5f-4fbb-9d40-d928213c6c62
2026-09-17,Viewmont,official,region,true,1,2370,Ari,RW,corner,false,false,false,false,67.6,0.4,RW,0-9,false,36.7,0.2,null,null,bdf7f1ea-77c9-4cff-9cd4-72f4eb26401d,127f3c4a-4c5f-4fbb-9d40-d928213c6c62
2026-09-17,Viewmont,official,region,true,2,299,Sharky,RM,on-target,true,false,true,false,47.3,13.8,RHS,9-18,true,21.0,15.9,pass,null,7a00f2f2-e5b6-4655-8fe2-81d04ce7bc12,127f3c4a-4c5f-4fbb-9d40-d928213c6c62
2026-09-17,Viewmont,official,region,true,2,630,Georgia,LW,missed,true,false,false,false,39.8,28.4,C,27+,false,31.7,14.1,null,null,a59f3221-22ce-4927-9570-74088bd4e326,127f3c4a-4c5f-4fbb-9d40-d928213c6c62
2026-09-17,Viewmont,official,region,true,2,724,Kailee,CF,on-target,true,false,true,false,42.1,15.8,C,9-18,true,19.4,21.0,cross,null,844c3734-6373-4b03-84a7-be5cad03005f,127f3c4a-4c5f-4fbb-9d40-d928213c6c62
2026-09-17,Viewmont,official,region,true,2,849,Ari,RW,goal,true,false,true,true,27.8,1.7,C,0-9,true,7.0,24.0,cross,null,073435f2-0676-42a6-a11c-036fd259c0f2,127f3c4a-4c5f-4fbb-9d40-d928213c6c62
2026-09-17,Viewmont,official,region,true,2,2027,Addison,RB,blocked,true,false,false,false,48.7,6.3,RHS,0-9,true,17.5,10.8,cross,null,b2e293ae-2063-41ad-8755-cf2a1586ce55,127f3c4a-4c5f-4fbb-9d40-d928213c6c62
2026-09-17,Viewmont,official,region,true,2,2067,Savanna,CF,missed,true,false,false,false,53.3,13.5,RHS,9-18,true,25.8,10.3,null,null,a102a655-f2fa-477d-b980-34c23ca2e694,127f3c4a-4c5f-4fbb-9d40-d928213c6c62
2026-09-17,Viewmont,official,region,true,2,2125,Grace,LM,missed,true,false,false,false,17.1,42.7,LHS,27+,false,50.2,8.5,null,null,38a386b2-4ce6-4a7e-a4f4-2b1eb337d147,127f3c4a-4c5f-4fbb-9d40-d928213c6c62
2026-09-17,Viewmont,official,region,true,2,2370,Abigail Tait,CF,missed,true,false,false,false,37.1,11,C,9-18,true,12.5,34.5,null,null,18a902df-3605-4d69-acaa-aa7515c438b5,127f3c4a-4c5f-4fbb-9d40-d928213c6c62
2026-09-17,Viewmont,official,region,true,2,2370,Abby,LB,missed,true,false,false,false,40.3,5.5,C,0-9,true,9.1,35.5,cross,null,c04bdb74-9315-4974-bd63-c01542c6d9ca,127f3c4a-4c5f-4fbb-9d40-d928213c6c62
2026-09-22,Woods Cross,official,region,true,1,53,Savanna,DM,on-target,true,false,true,false,15.9,23.8,LHS,18-27,false,32.7,11.2,null,null,5cca82eb-2fca-4baf-892b-30f05b48d35c,84814764-5e2b-4626-bf63-7b6977201ed1
2026-09-22,Woods Cross,official,region,true,1,56,Georgia,LW,missed,true,false,false,false,29.7,2.7,C,0-9,true,5.6,57.9,null,null,1bf57799-17f5-4e6b-8d9e-6a979a8e028c,84814764-5e2b-4626-bf63-7b6977201ed1
2026-09-22,Woods Cross,official,region,true,1,358,Maddie,RB,on-target,true,false,true,false,65,23,RW,18-27,false,42.2,6.5,null,null,cf538b44-2bdf-43b7-a646-9c5baa4ecef8,84814764-5e2b-4626-bf63-7b6977201ed1
2026-09-22,Woods Cross,official,region,true,1,676,Jackie,LM,corner,false,false,false,false,67.6,0.4,RW,0-9,false,36.7,0.2,null,null,2d6a3247-7337-4451-b636-91d0abf374cb,84814764-5e2b-4626-bf63-7b6977201ed1
2026-09-22,Woods Cross,official,region,true,1,682,Ari,RW,blocked,true,false,false,false,52.7,13.9,RHS,9-18,true,25.5,10.9,null,null,b62f4074-9ffb-40aa-9496-2151484780e6,84814764-5e2b-4626-bf63-7b6977201ed1
2026-09-22,Woods Cross,official,region,true,1,700,Savanna,DM,on-target,true,false,true,false,47.5,16.1,RHS,9-18,true,23.0,15.4,null,null,12c8cc34-e1ac-4469-a7a4-c343079b4a73,84814764-5e2b-4626-bf63-7b6977201ed1
2026-09-22,Woods Cross,official,region,true,1,802,Shai,RCB,missed,true,false,false,false,42,26.7,C,27+,false,30.5,14.4,null,null,e4f35010-b1fa-4c78-bf30-b52c669bf51c,84814764-5e2b-4626-bf63-7b6977201ed1
2026-09-22,Woods Cross,official,region,true,1,947,Savanna,DM,foul,false,false,false,false,55.7,22.4,RW,18-27,false,34.1,9.7,null,null,c9ce6e06-1af1-47d1-a878-6cea1081f058,84814764-5e2b-4626-bf63-7b6977201ed1
2026-09-22,Woods Cross,official,region,true,1,994,Kailee,CF,on-target,true,false,true,false,16.4,14.5,LHS,9-18,true,24.9,11.8,cross,null,d67a41fb-5e57-4d33-a709-21aa55f59ffc,84814764-5e2b-4626-bf63-7b6977201ed1
2026-09-22,Woods Cross,official,region,true,1,1356,Saige,LB,missed,true,false,false,false,24.5,23.3,LHS,18-27,false,27.5,15.4,null,null,48826dae-f037-4fe6-afeb-e0e25926e00e,84814764-5e2b-4626-bf63-7b6977201ed1
2026-09-22,Woods Cross,official,region,true,1,1426,Sharky,RM,blocked,true,false,false,false,49.4,23.3,RHS,18-27,false,30.5,12.5,null,null,642fcd26-4ce8-44ad-9837-fad00512c8d5,84814764-5e2b-4626-bf63-7b6977201ed1
2026-09-22,Woods Cross,official,region,true,1,2302,Tae,LCB,on-target,true,false,true,false,28.9,39.3,C,27+,false,43.3,10.5,null,null,1c72427c-88d2-4361-8ac4-e7ee012aa17e,84814764-5e2b-4626-bf63-7b6977201ed1
2026-09-22,Woods Cross,official,region,true,2,94,Savanna,DM,missed,true,false,false,false,52.2,25.6,RHS,27+,false,34.4,10.9,null,null,61c89a73-6dc5-472e-8bb6-0b1bb8fb59fc,84814764-5e2b-4626-bf63-7b6977201ed1
2026-09-22,Woods Cross,official,region,true,2,273,Savanna,DM,missed,true,false,false,false,33.8,18,C,18-27,false,19.7,23.0,pass,null,2924564f-d1de-4e20-b736-3619fc8899fc,84814764-5e2b-4626-bf63-7b6977201ed1
2026-09-22,Woods Cross,official,region,true,2,304,Jackie,LM,corner,false,false,false,false,0.4,0.4,LW,0-9,false,36.7,0.2,null,null,45672d51-de14-4643-bdc5-7c186b1a13de,84814764-5e2b-4626-bf63-7b6977201ed1
2026-09-22,Woods Cross,official,region,true,2,331,Sharky,RM,missed,true,false,false,false,29.2,10.3,C,9-18,true,12.4,33.1,null,null,966c63cd-764b-4989-905a-30350f9213a6,84814764-5e2b-4626-bf63-7b6977201ed1
2026-09-22,Woods Cross,official,region,true,2,382,Kailee,CF,on-target,true,false,true,false,33.1,3.8,C,0-9,true,4.3,86.2,null,null,e1957e3c-4ebb-431c-913e-8b63231f30f8,84814764-5e2b-4626-bf63-7b6977201ed1
2026-09-22,Woods Cross,official,region,true,2,410,Ari,RW,goal,true,false,true,true,27.8,16,C,9-18,true,18.8,22.6,gap,null,08cf8b5f-4bd0-40a0-8e04-154f0e557454,84814764-5e2b-4626-bf63-7b6977201ed1
2026-09-22,Woods Cross,official,region,true,2,745,Jackie,LM,missed,true,false,false,false,46.4,14.9,RHS,9-18,true,21.2,16.8,null,null,7793a55d-ffc2-4ffe-9262-2f3bafa2609d,84814764-5e2b-4626-bf63-7b6977201ed1
2026-09-22,Woods Cross,official,region,true,2,866,Saige,LB,goal,true,false,true,true,18.2,33.8,LHS,27+,false,40.8,10.2,null,null,c3ab22af-f862-49bf-b6a6-0279279274fa,84814764-5e2b-4626-bf63-7b6977201ed1
2026-09-22,Woods Cross,official,region,true,2,875,Saige,LB,foul,false,false,false,false,19.7,29.7,LHS,27+,false,36.0,11.5,null,null,04b61f09-10bf-4d30-9067-908b498f8ff3,84814764-5e2b-4626-bf63-7b6977201ed1
2026-09-22,Woods Cross,official,region,true,2,948,Saige,LB,on-target,true,false,true,false,40.4,26.8,C,27+,false,30.1,14.7,null,null,1c092b56-4e31-4e41-8871-c807aca2198c,84814764-5e2b-4626-bf63-7b6977201ed1
2026-09-22,Woods Cross,official,region,true,2,1166,Saige,LB,corner,false,false,false,false,0.4,0.4,LW,0-9,false,36.7,0.2,null,null,d34158fe-220b-49e1-a9a8-548f6f0bee12,84814764-5e2b-4626-bf63-7b6977201ed1
2026-09-22,Woods Cross,official,region,true,2,1197,Saige,LB,missed,true,false,false,false,14.8,12.5,LHS,9-18,true,25.1,10.1,null,null,0ea9aa82-c6e2-4b6c-bb34-951cb6b8f6d5,84814764-5e2b-4626-bf63-7b6977201ed1
2026-09-22,Woods Cross,official,region,true,2,1269,Jackie,LM,missed,true,false,false,false,23.9,21.1,LHS,18-27,false,25.6,16.1,pass,pass,9123a245-8160-4f9b-a49b-0347bfdbe983,84814764-5e2b-4626-bf63-7b6977201ed1
2026-09-22,Woods Cross,official,region,true,2,1290,Jackie,LM,on-target,true,false,true,false,18.4,18.6,LHS,18-27,false,26.5,13.3,null,null,6b3fbd0b-1dda-4806-81be-1c932c603b67,84814764-5e2b-4626-bf63-7b6977201ed1
2026-09-22,Woods Cross,official,region,true,2,1349,Sharky,RM,missed,true,false,false,false,39.7,14.7,C,9-18,true,17.2,24.6,pass,null,4366126e-df81-44e9-b925-04a129ed8d01,84814764-5e2b-4626-bf63-7b6977201ed1
2026-09-22,Woods Cross,official,region,true,2,1508,Savanna,DM,on-target,true,false,true,false,35.5,11.3,C,9-18,true,12.5,35.4,pass,pass,8b7de9fc-cb5a-4646-baf3-decadd0d8f30,84814764-5e2b-4626-bf63-7b6977201ed1
2026-09-22,Woods Cross,official,region,true,2,1593,Maddie,RB,goal,true,false,true,true,55.4,15.4,RW,9-18,false,28.8,9.4,null,null,814e0004-17c8-4873-8f0e-3772d77ae5a4,84814764-5e2b-4626-bf63-7b6977201ed1
2026-09-22,Woods Cross,official,region,true,2,1643,Ari,LW,missed,true,false,false,false,22.8,16,LHS,9-18,true,21.4,17.7,pass,null,a416a5c6-6a9f-45cd-b908-b7450bb6994a,84814764-5e2b-4626-bf63-7b6977201ed1
2026-09-22,Woods Cross,official,region,true,2,1656,Jackie,LM,missed,true,false,false,false,23.3,13.3,LHS,9-18,true,18.7,19.3,null,null,a8b26dc8-34f3-43c9-8c1f-c7031a2803d7,84814764-5e2b-4626-bf63-7b6977201ed1
2026-09-22,Woods Cross,official,region,true,2,1718,Jackie,LM,on-target,true,false,true,false,19,14.1,LHS,9-18,true,22.5,14.1,null,null,30c3bc42-ea51-4a22-85f6-ff3f44a94eb6,84814764-5e2b-4626-bf63-7b6977201ed1
2026-09-22,Woods Cross,official,region,true,2,2072,Saige,LB,missed,true,false,false,false,43,32.6,C,27+,false,37.0,11.9,pass,null,a562fdfb-3421-4e05-a685-fc4c2522e49a,84814764-5e2b-4626-bf63-7b6977201ed1
2026-09-22,Woods Cross,official,region,true,2,2137,Abby,LW,missed,true,false,false,false,28.3,3.2,C,0-9,true,7.1,38.6,cross,null,c6c82ffa-5b5b-4a30-aa13-c5ba556221e8,84814764-5e2b-4626-bf63-7b6977201ed1
2026-09-24,Bountiful,official,region,false,1,0,Grace,RM,missed,true,false,false,false,26.7,24.3,C,18-27,false,27.7,15.8,null,null,1515436f-b257-4016-82fc-918a46174ab2,7476e4eb-fa76-4831-a6fd-1ec73a77ea57
2026-09-24,Bountiful,official,region,false,1,0,Kailee,CF,on-target,true,false,true,false,41.7,11.6,C,9-18,true,15.2,25.2,null,null,337543e9-b0a4-47fa-8150-8e4209788b7e,7476e4eb-fa76-4831-a6fd-1ec73a77ea57
2026-09-24,Bountiful,official,region,false,1,0,Jackie,LM,corner,false,false,false,false,0.4,0.4,LW,0-9,false,36.7,0.2,null,null,6030109e-5f26-45e2-b966-7833f9030bec,7476e4eb-fa76-4831-a6fd-1ec73a77ea57
2026-09-24,Bountiful,official,region,false,1,0,Tae,RCB,foul,false,false,false,false,39.2,47.1,C,27+,false,51.8,8.8,null,null,64bc9c46-19b8-43d1-963e-67c932bd8713,7476e4eb-fa76-4831-a6fd-1ec73a77ea57
2026-09-24,Bountiful,official,region,false,1,0,Kate,LW,blocked,true,false,false,false,10.9,1.7,LW,0-9,false,25.3,1.4,null,null,77f9e7f0-6f1a-4335-aa31-da1cb3e241a8,7476e4eb-fa76-4831-a6fd-1ec73a77ea57
2026-09-24,Bountiful,official,region,false,1,0,Natalia,CF,missed,true,false,false,false,31.8,12.3,C,9-18,true,13.7,32.2,null,null,d392c2fe-eccd-4250-82cc-c3085a38d65a,7476e4eb-fa76-4831-a6fd-1ec73a77ea57
2026-09-24,Bountiful,official,region,false,1,0,Ari,RW,missed,true,false,false,false,47.7,27.4,RHS,27+,false,33.5,12.2,null,null,e5e9dba7-1cce-447f-bf3a-7d1451570b18,7476e4eb-fa76-4831-a6fd-1ec73a77ea57
2026-09-24,Bountiful,official,region,false,1,0,Georgia,LB,missed,true,false,false,false,16.1,15.2,LHS,9-18,true,25.7,11.7,pass,null,e8bb5363-ec96-43df-8f1d-823c60146720,7476e4eb-fa76-4831-a6fd-1ec73a77ea57
2026-09-24,Bountiful,official,region,false,1,0,Kate,LW,missed,true,false,false,false,25.2,5.7,C,0-9,true,11.5,23.4,over_the_top,null,f6544917-0efa-4ff4-9eb9-3a9603916c72,7476e4eb-fa76-4831-a6fd-1ec73a77ea57
2026-09-24,Bountiful,official,region,false,1,0,Kate,LW,on-target,true,false,true,false,16.6,6.3,LHS,0-9,true,20.2,8.0,null,null,f92c24ae-9fcb-4274-a56f-fc99ff69e513,7476e4eb-fa76-4831-a6fd-1ec73a77ea57
2026-09-24,Bountiful,official,region,false,1,0,Savanna,DM,missed,true,false,false,false,35.2,22.1,C,18-27,false,24.2,18.8,pass,cross,ff3cff35-516f-4e9a-ac9b-da8b42b11b49,7476e4eb-fa76-4831-a6fd-1ec73a77ea57
2026-09-24,Bountiful,official,region,false,2,241,Savanna,DM,on-target,true,false,true,false,40.3,31.8,C,27+,false,35.5,12.6,null,null,11b37bd1-417a-4afa-8d82-da53c82496c0,7476e4eb-fa76-4831-a6fd-1ec73a77ea57
2026-09-24,Bountiful,official,region,false,2,358,Ari,RW,on-target,true,false,true,false,52.4,12.4,RHS,9-18,true,24.3,10.7,null,null,b84b7c26-32b3-4dd0-bf2f-49b2c9a021df,7476e4eb-fa76-4831-a6fd-1ec73a77ea57
2026-09-24,Bountiful,official,region,false,2,954,Addison,LW,corner,false,false,false,false,0.4,0.4,LW,0-9,false,36.7,0.2,null,null,6e05ecf9-83d2-453e-93fc-8106252878a4,7476e4eb-fa76-4831-a6fd-1ec73a77ea57
2026-09-24,Bountiful,official,region,false,2,1143,Addison,LW,blocked,true,false,false,false,17.7,5.2,LHS,0-9,true,18.7,7.8,null,null,2be36316-3b6a-4e11-97b5-4e6641cc74f2,7476e4eb-fa76-4831-a6fd-1ec73a77ea57
2026-09-24,Bountiful,official,region,false,2,1201,Jackie,LM,corner,false,false,false,false,0.4,0.4,LW,0-9,false,36.7,0.2,null,null,d1fd93aa-4dcb-440a-b08b-b7492e574640,7476e4eb-fa76-4831-a6fd-1ec73a77ea57
2026-09-24,Bountiful,official,region,false,2,1240,Addison,LW,missed,true,false,false,false,11.5,2.2,LW,0-9,false,24.7,1.9,pass,null,693ecfbc-6bec-4521-ba0c-0a3de557c6ee,7476e4eb-fa76-4831-a6fd-1ec73a77ea57
2026-09-24,Bountiful,official,region,false,2,1513,Tae,RCB,on-target,true,false,true,false,33.8,42.4,C,27+,false,46.4,9.9,null,null,0e60e6dc-c538-4ed2-a8e6-47205445e58e,7476e4eb-fa76-4831-a6fd-1ec73a77ea57
2026-09-24,Bountiful,official,region,false,2,1513,Tae,RCB,foul,false,false,false,false,33.8,42.4,C,27+,false,46.4,9.9,null,null,bc33c8da-6c8e-4541-bea4-3127fbabffb8,7476e4eb-fa76-4831-a6fd-1ec73a77ea57
2026-09-24,Bountiful,official,region,false,2,1869,Jackie,LM,foul,false,false,false,false,7.5,4.3,LW,0-9,false,29.4,2.5,null,null,820c58bd-25ad-4c57-bebc-1acbd8870cfa,7476e4eb-fa76-4831-a6fd-1ec73a77ea57
2026-09-24,Bountiful,official,region,false,2,1996,Addison,LW,missed,true,false,false,false,13,7.4,LW,0-9,false,24.4,6.4,gap,null,4d565497-ce35-46fd-8527-c54f8a23b958,7476e4eb-fa76-4831-a6fd-1ec73a77ea57
2026-09-24,Bountiful,official,region,false,2,2045,Addison,LW,missed,true,false,false,false,23,10.1,LHS,9-18,true,16.3,19.4,cross,null,791ae6f9-5776-4255-8349-816a7cb94959,7476e4eb-fa76-4831-a6fd-1ec73a77ea57
2026-09-29,Alta,official,region,true,1,490,Saige,LB,foul,false,false,false,false,8.1,16.9,LW,18-27,false,33.8,7.5,null,null,1c351993-a6cf-48e3-915f-ed2c46af4d50,64d56174-09ac-4c96-a8ed-fe0f49538d4d
2026-09-29,Alta,official,region,true,1,490,Saige,LB,on-target,true,false,true,false,14.7,13.6,LHS,9-18,true,25.8,10.4,rebound,null,6bfa44df-2e17-4709-a1de-9ad2ec0fec02,64d56174-09ac-4c96-a8ed-fe0f49538d4d
2026-09-29,Alta,official,region,true,1,490,Georgia,RW,corner,false,false,false,false,67.6,0.4,RW,0-9,false,36.7,0.2,null,null,6c2e754c-24c9-4425-96e9-708ca0b025be,64d56174-09ac-4c96-a8ed-fe0f49538d4d
2026-09-29,Alta,official,region,true,1,490,Savanna,DM,blocked,true,false,false,false,22.4,22.2,LHS,18-27,false,27.4,14.8,pass,null,b382af65-f3cd-4b95-8034-df117a06930b,64d56174-09ac-4c96-a8ed-fe0f49538d4d
2026-09-29,Alta,official,region,true,1,1163,Saige,LB,corner,false,false,false,false,0.4,0.4,LW,0-9,false,36.7,0.2,null,null,e5956767-0f32-4975-925c-589a14d9aec7,64d56174-09ac-4c96-a8ed-fe0f49538d4d
2026-09-29,Alta,official,region,true,1,1336,Jackie,LM,on-target,true,false,true,false,27.9,25.6,C,27+,false,28.8,15.4,pass,null,7052beca-863d-447b-b70f-50e66d3657ab,64d56174-09ac-4c96-a8ed-fe0f49538d4d
2026-09-29,Alta,official,region,true,1,2077,Savanna,DM,missed,true,false,false,false,41.8,23,C,18-27,false,26.6,16.3,null,null,b65e4b70-3ba0-45f1-8f82-98b223cbeb88,64d56174-09ac-4c96-a8ed-fe0f49538d4d
2026-09-29,Alta,official,region,true,2,26,Jackie,LM,missed,true,false,false,false,14.2,26.9,LHS,27+,false,36.5,10.1,null,null,add257b5-d427-40b5-9f31-6819add60aed,64d56174-09ac-4c96-a8ed-fe0f49538d4d
2026-09-29,Alta,official,region,true,2,35,Saige,LB,corner,false,false,false,false,0.4,0.4,LW,0-9,false,36.7,0.2,null,null,15e36533-8ef3-43e5-99ac-ab781824a10f,64d56174-09ac-4c96-a8ed-fe0f49538d4d
2026-09-29,Alta,official,region,true,2,264,Abby,LW,missed,true,false,false,false,17,8,LHS,0-9,true,20.5,9.8,gap,null,0812ff1c-fbc0-45f8-a25d-d0e71aee3885,64d56174-09ac-4c96-a8ed-fe0f49538d4d
2026-09-29,Alta,official,region,true,2,544,Ari,CF,missed,true,false,false,false,37.9,21.3,C,18-27,false,23.7,18.9,pass,null,96d65b59-9324-4059-a4ce-58ccac7f1079,64d56174-09ac-4c96-a8ed-fe0f49538d4d
2026-09-29,Alta,official,region,true,2,678,Kate,LW,on-target,true,false,true,false,11.2,16.5,LW,9-18,false,30.8,8.8,null,null,d9a9174c-478d-4dbf-9893-4b13bac3ee02,64d56174-09ac-4c96-a8ed-fe0f49538d4d
2026-09-29,Alta,official,region,true,2,827,Saige,LCB,corner,false,false,false,false,0.4,0.4,LW,0-9,false,36.7,0.2,null,null,018c5fd4-2403-40ee-9fb9-6ac7fe2a993d,64d56174-09ac-4c96-a8ed-fe0f49538d4d
2026-09-29,Alta,official,region,true,2,831,Jane,RW,missed,true,false,false,false,45.3,3.1,RHS,0-9,true,12.8,10.4,cross,null,3bc0aed5-b916-47cb-8581-b5f74728dc25,64d56174-09ac-4c96-a8ed-fe0f49538d4d
2026-09-29,Alta,official,region,true,2,1043,Ari,CF,on-target,true,false,true,false,26.4,17.1,C,18-27,false,20.5,20.4,null,null,96fd3312-f0f3-4e8b-aa9b-b2cf0ce01d5e,64d56174-09ac-4c96-a8ed-fe0f49538d4d
2026-09-29,Alta,official,region,true,2,1066,Jackie,LM,missed,true,false,false,false,33.6,28.1,C,27+,false,30.7,14.8,pass,null,5e14cdca-5429-49ba-aca3-5fc525ceb10e,64d56174-09ac-4c96-a8ed-fe0f49538d4d
2026-10-01,Skyline,official,region,true,1,0,Saige,LCB,corner,false,false,false,false,0.4,1.5,LW,0-9,false,36.8,0.6,null,null,00b0e130-0b89-4b0f-a9ce-3d6aa0c5232b,9af4e8ec-bf72-44d2-88a6-118b7a54853d
2026-10-01,Skyline,official,region,true,1,0,Ari,LW,goal,true,false,true,true,31.7,3,C,0-9,true,4.1,87.7,cross,null,01faada0-107e-44b9-b7fe-2f7450d416a5,9af4e8ec-bf72-44d2-88a6-118b7a54853d
2026-10-01,Skyline,official,region,true,1,0,Savanna,DM,on-target,true,false,true,false,41,19,C,18-27,false,22.1,19.3,null,null,256ec7b2-7b15-437c-82c6-2014e5282d1a,9af4e8ec-bf72-44d2-88a6-118b7a54853d
2026-10-01,Skyline,official,region,true,1,0,Jackie,LM,corner,false,false,false,false,67.6,0.4,RW,0-9,false,36.7,0.2,null,null,43d8c77e-7112-4fe1-8586-2eba97226438,9af4e8ec-bf72-44d2-88a6-118b7a54853d
2026-10-01,Skyline,official,region,true,1,0,Jackie,LM,on-target,true,false,true,false,28,4.3,C,0-9,true,8.1,37.5,null,null,48ef8c8f-cdd4-44c0-9363-2f58f575b214,9af4e8ec-bf72-44d2-88a6-118b7a54853d
2026-10-01,Skyline,official,region,true,1,0,Addison,RB,on-target,true,false,true,false,50.6,26.6,RHS,27+,false,34.3,11.4,pass,null,4bc73f31-4662-4f9e-8735-a0e842bb0754,9af4e8ec-bf72-44d2-88a6-118b7a54853d
2026-10-01,Skyline,official,region,true,1,0,Addison,RB,on-target,true,false,true,false,65.5,27.7,RW,27+,false,45.9,6.6,null,null,4c6267cb-bf60-4037-b334-85795d2fd22c,9af4e8ec-bf72-44d2-88a6-118b7a54853d
2026-10-01,Skyline,official,region,true,1,0,Addison,RB,corner,false,false,false,false,67.6,0.4,RW,0-9,false,36.7,0.2,null,null,5c1c6124-3816-4cb4-9426-d725d11c9826,9af4e8ec-bf72-44d2-88a6-118b7a54853d
2026-10-01,Skyline,official,region,true,1,0,Kailee,CF,missed,true,false,false,false,49.5,12.1,RHS,9-18,true,21.5,13.3,null,null,9234d0b9-b2bd-47f2-b364-bc62167bec34,9af4e8ec-bf72-44d2-88a6-118b7a54853d
2026-10-01,Skyline,official,region,true,1,0,Ari,LW,missed,true,false,false,false,30.1,9.2,C,9-18,true,10.9,37.9,cross,null,a9e5e0bc-cff3-4806-895b-cd067cd125d4,9af4e8ec-bf72-44d2-88a6-118b7a54853d
2026-10-01,Skyline,official,region,true,1,0,Addison,RB,missed,true,false,false,false,55.6,32,RW,27+,false,42.2,9.0,null,null,ae7c2c5b-962b-459c-b257-28abf9ffbfff,9af4e8ec-bf72-44d2-88a6-118b7a54853d
2026-10-01,Skyline,official,region,true,1,0,Addison,RB,corner,false,false,false,false,67.6,0.4,RW,0-9,false,36.7,0.2,null,null,ae80fb02-489d-4714-bca0-88b9a7f44095,9af4e8ec-bf72-44d2-88a6-118b7a54853d
2026-10-01,Skyline,official,region,true,1,0,Natalia,RW,on-target,true,false,true,false,44.6,8.1,RHS,0-9,true,14.6,19.8,gap,null,df86369e-6078-441b-b62a-aed32589d7c1,9af4e8ec-bf72-44d2-88a6-118b7a54853d
2026-10-01,Skyline,official,region,true,1,0,Maddie,LB,on-target,true,false,true,false,37.6,33.3,C,27+,false,36.6,12.4,pass,pass,f1961ecf-d8bd-41ef-b735-630f63418c84,9af4e8ec-bf72-44d2-88a6-118b7a54853d
2026-10-01,Skyline,official,region,true,1,0,Maddie,LM,on-target,true,false,true,false,21.3,13.9,LHS,9-18,true,20.6,16.6,cross,null,f3ce1b8f-0c05-4740-bf37-0ec8e8b0a570,9af4e8ec-bf72-44d2-88a6-118b7a54853d
2026-10-01,Skyline,official,region,true,1,0,Addison,RB,blocked,true,false,false,false,58.2,24.7,RW,18-27,false,37.8,8.7,pass,null,faa2685f-8f41-4865-bd38-124350bb2d7c,9af4e8ec-bf72-44d2-88a6-118b7a54853d